Team_ID,Date,Analyst_Count,Available_Hours,Assigned_Case_Count,Average_Complexity,Open_Backlog,Backlog_Work_Hours
TEAM-01,2026-01-02,9,67.5,27,5.96,25,154.3
TEAM-02,2026-01-02,7,52.5,19,10.79,19,204.9
TEAM-03,2026-01-02,6,45.0,12,4.03,12,48.4
TEAM-04,2026-01-02,5,37.5,13,6.57,13,85.4
TEAM-05,2026-01-02,8,60.0,13,6.09,13,79.2
TEAM-01,2026-01-03,9,0.0,27,6.9,40,282.4
TEAM-02,2026-01-03,7,0.0,22,9.3,37,374.6
TEAM-03,2026-01-03,6,0.0,21,3.74,21,84.1
TEAM-04,2026-01-03,5,0.0,12,6.8,24,164.4
TEAM-05,2026-01-03,8,0.0,20,7.0,28,200.2
TEAM-01,2026-01-04,9,0.0,42,6.56,60,442.1
TEAM-02,2026-01-04,7,0.0,14,9.54,40,429.2
TEAM-03,2026-01-04,6,0.0,13,3.9,16,77.0
TEAM-04,2026-01-04,5,0.0,20,6.66,40,277.1
TEAM-05,2026-01-04,8,0.0,16,5.34,29,194.6
TEAM-01,2026-01-05,9,67.5,27,6.12,57,472.9
TEAM-02,2026-01-05,7,52.5,20,8.77,47,480.7
TEAM-03,2026-01-05,6,45.0,22,4.21,27,122.6
TEAM-04,2026-01-05,5,37.5,13,6.76,47,330.5
TEAM-05,2026-01-05,8,60.0,20,6.0,32,215.8
TEAM-01,2026-01-06,9,67.5,31,6.93,64,547.5
TEAM-02,2026-01-06,7,52.5,20,9.91,50,515.1
TEAM-03,2026-01-06,6,45.0,12,4.32,19,103.9
TEAM-04,2026-01-06,5,37.5,17,7.49,50,365.3
TEAM-05,2026-01-06,8,60.0,14,6.22,30,223.3
TEAM-01,2026-01-07,9,67.5,26,6.52,62,530.7
TEAM-02,2026-01-07,7,52.5,20,9.22,54,559.7
TEAM-03,2026-01-07,6,45.0,21,3.63,23,119.1
TEAM-04,2026-01-07,5,37.5,5,8.07,42,335.7
TEAM-05,2026-01-07,8,60.0,11,5.81,27,205.1
TEAM-01,2026-01-08,9,67.5,21,6.48,52,457.2
TEAM-02,2026-01-08,7,52.5,17,8.75,51,529.3
TEAM-03,2026-01-08,6,45.0,16,4.01,22,114.6
TEAM-04,2026-01-08,5,37.5,14,7.97,46,385.6
TEAM-05,2026-01-08,8,60.0,16,5.65,31,203.5
TEAM-01,2026-01-09,9,67.5,25,6.39,53,425.8
TEAM-02,2026-01-09,7,52.5,15,8.42,48,484.2
TEAM-03,2026-01-09,6,45.0,14,3.64,22,118.5
TEAM-04,2026-01-09,5,37.5,14,6.54,49,391.6
TEAM-05,2026-01-09,8,60.0,11,6.4,23,167.4
TEAM-01,2026-01-10,9,0.0,17,5.64,37,264.0
TEAM-02,2026-01-10,7,0.0,13,8.9,40,404.7
TEAM-03,2026-01-10,6,0.0,25,3.96,32,155.2
TEAM-04,2026-01-10,5,0.0,14,6.75,47,366.7
TEAM-05,2026-01-10,8,0.0,16,6.29,26,194.5
TEAM-01,2026-01-11,9,0.0,19,7.34,40,314.6
TEAM-02,2026-01-11,7,0.0,10,10.44,40,418.0
TEAM-03,2026-01-11,6,0.0,14,4.98,21,122.5
TEAM-04,2026-01-11,5,0.0,25,6.01,58,423.5
TEAM-05,2026-01-11,8,0.0,22,6.47,38,262.3
TEAM-01,2026-01-12,9,67.5,22,5.84,42,308.8
TEAM-02,2026-01-12,7,52.5,21,9.36,44,448.8
TEAM-03,2026-01-12,6,45.0,15,4.51,24,136.5
TEAM-04,2026-01-12,5,37.5,12,6.48,54,409.3
TEAM-05,2026-01-12,8,60.0,13,4.81,33,228.4
TEAM-01,2026-01-13,9,67.5,38,6.76,57,410.1
TEAM-02,2026-01-13,7,52.5,17,7.34,53,504.5
TEAM-03,2026-01-13,6,45.0,17,4.5,25,142.1
TEAM-04,2026-01-13,5,37.5,16,6.24,58,431.8
TEAM-05,2026-01-13,8,60.0,20,5.97,39,269.6
TEAM-01,2026-01-14,9,67.5,23,7.88,53,443.6
TEAM-02,2026-01-14,7,52.5,18,9.81,58,585.7
TEAM-03,2026-01-14,6,45.0,16,4.53,25,137.6
TEAM-04,2026-01-14,5,37.5,11,5.63,50,351.4
TEAM-05,2026-01-14,8,60.0,13,5.56,26,185.3
TEAM-01,2026-01-15,9,67.5,20,7.89,42,399.3
TEAM-02,2026-01-15,7,52.5,20,8.81,53,516.1
TEAM-03,2026-01-15,6,45.0,12,4.01,22,115.5
TEAM-04,2026-01-15,5,37.5,18,5.35,52,346.2
TEAM-05,2026-01-15,8,60.0,17,6.38,30,203.6
TEAM-01,2026-01-16,9,67.5,28,8.23,54,504.4
TEAM-02,2026-01-16,7,52.5,15,7.71,49,462.1
TEAM-03,2026-01-16,6,45.0,17,5.15,20,113.9
TEAM-04,2026-01-16,5,37.5,8,7.13,47,340.5
TEAM-05,2026-01-16,8,60.0,17,5.32,32,214.0
TEAM-01,2026-01-17,9,0.0,33,5.83,65,532.8
TEAM-02,2026-01-17,7,0.0,10,8.14,45,426.6
TEAM-03,2026-01-17,6,0.0,23,4.33,30,160.0
TEAM-04,2026-01-17,5,0.0,15,6.24,41,306.0
TEAM-05,2026-01-17,8,0.0,15,5.75,29,195.1
TEAM-01,2026-01-18,9,0.0,28,6.8,54,486.0
TEAM-02,2026-01-18,7,0.0,20,9.01,44,439.1
TEAM-03,2026-01-18,6,0.0,14,4.73,23,139.1
TEAM-04,2026-01-18,5,0.0,11,5.98,41,302.7
TEAM-05,2026-01-18,8,0.0,19,6.02,31,194.2
TEAM-01,2026-01-19,9,67.5,26,6.71,56,506.1
TEAM-02,2026-01-19,7,52.5,19,8.83,46,459.7
TEAM-03,2026-01-19,6,45.0,12,4.72,18,93.0
TEAM-04,2026-01-19,5,37.5,4,7.43,35,257.2
TEAM-05,2026-01-19,8,60.0,16,6.56,32,218.9
TEAM-01,2026-01-20,9,67.5,29,6.05,63,535.8
TEAM-02,2026-01-20,7,52.5,9,6.36,37,375.5
TEAM-03,2026-01-20,6,45.0,22,4.01,27,126.6
TEAM-04,2026-01-20,5,37.5,10,6.92,34,262.7
TEAM-05,2026-01-20,8,60.0,9,6.08,21,154.6
TEAM-01,2026-01-21,9,67.5,39,6.67,72,603.7
TEAM-02,2026-01-21,7,52.5,17,8.88,40,413.4
TEAM-03,2026-01-21,6,45.0,22,4.57,29,154.3
TEAM-04,2026-01-21,5,37.5,7,5.66,33,241.8
TEAM-05,2026-01-21,8,60.0,11,5.5,25,168.8
TEAM-01,2026-01-22,9,67.5,23,6.97,61,529.8
TEAM-02,2026-01-22,7,52.5,19,8.57,45,441.4
TEAM-03,2026-01-22,6,45.0,15,4.37,19,102.8
TEAM-04,2026-01-22,5,37.5,9,5.92,31,229.5
TEAM-05,2026-01-22,8,60.0,12,5.1,19,122.2
TEAM-01,2026-01-23,9,67.5,25,6.04,56,492.4
TEAM-02,2026-01-23,7,52.5,13,8.17,44,436.6
TEAM-03,2026-01-23,6,45.0,12,4.5,19,97.2
TEAM-04,2026-01-23,5,37.5,15,7.03,31,229.6
TEAM-05,2026-01-23,8,60.0,20,6.41,26,170.0
TEAM-01,2026-01-24,9,0.0,20,6.45,46,412.8
TEAM-02,2026-01-24,7,0.0,15,8.11,44,419.5
TEAM-03,2026-01-24,6,0.0,14,4.68,20,114.0
TEAM-04,2026-01-24,5,0.0,9,6.29,29,214.3
TEAM-05,2026-01-24,8,0.0,18,5.49,31,196.6
TEAM-01,2026-01-25,9,0.0,31,5.75,57,451.3
TEAM-02,2026-01-25,7,0.0,12,9.06,39,380.9
TEAM-03,2026-01-25,6,0.0,19,4.34,26,151.4
TEAM-04,2026-01-25,5,0.0,12,7.16,35,260.6
TEAM-05,2026-01-25,8,0.0,13,5.4,30,189.6
TEAM-01,2026-01-26,9,67.5,29,6.24,52,385.4
TEAM-02,2026-01-26,7,52.5,15,9.4,40,408.2
TEAM-03,2026-01-26,6,45.0,14,4.05,21,124.0
TEAM-04,2026-01-26,5,37.5,14,6.22,40,285.9
TEAM-05,2026-01-26,8,60.0,13,6.11,26,168.5
TEAM-01,2026-01-27,9,67.5,19,6.51,45,347.3
TEAM-02,2026-01-27,7,52.5,19,10.12,42,451.4
TEAM-03,2026-01-27,6,45.0,25,4.67,33,185.9
TEAM-04,2026-01-27,5,37.5,11,6.89,37,273.7
TEAM-05,2026-01-27,8,60.0,15,6.18,27,191.9
TEAM-01,2026-01-28,9,67.5,25,6.91,44,347.1
TEAM-02,2026-01-28,7,52.5,13,8.14,43,426.0
TEAM-03,2026-01-28,6,45.0,15,4.27,30,162.5
TEAM-04,2026-01-28,5,37.5,15,6.23,43,315.0
TEAM-05,2026-01-28,8,60.0,15,5.3,28,178.6
TEAM-01,2026-01-29,9,67.5,35,6.57,54,403.0
TEAM-02,2026-01-29,7,52.5,21,9.03,47,463.0
TEAM-03,2026-01-29,6,45.0,15,5.08,22,134.5
TEAM-04,2026-01-29,5,37.5,12,6.96,44,328.4
TEAM-05,2026-01-29,8,60.0,19,6.59,32,209.0
TEAM-01,2026-01-30,9,67.5,29,6.03,54,406.6
TEAM-02,2026-01-30,7,52.5,9,8.83,39,392.8
TEAM-03,2026-01-30,6,45.0,14,3.55,19,101.5
TEAM-04,2026-01-30,5,37.5,10,6.28,38,287.1
TEAM-05,2026-01-30,8,60.0,16,6.14,34,222.3
TEAM-01,2026-01-31,9,0.0,43,7.09,64,539.7
TEAM-02,2026-01-31,7,0.0,15,8.31,39,373.6
TEAM-03,2026-01-31,6,0.0,13,4.09,17,77.2
TEAM-04,2026-01-31,5,0.0,13,5.77,43,322.3
TEAM-05,2026-01-31,8,0.0,20,6.27,37,247.4
TEAM-01,2026-02-01,9,0.0,33,7.28,67,587.3
TEAM-02,2026-02-01,7,0.0,18,7.67,47,436.6
TEAM-03,2026-02-01,6,0.0,15,5.86,17,108.3
TEAM-04,2026-02-01,5,0.0,9,6.72,41,301.6
TEAM-05,2026-02-01,8,0.0,15,5.91,33,215.0
TEAM-01,2026-02-02,9,67.5,31,6.17,69,582.4
TEAM-02,2026-02-02,7,52.5,15,10.11,39,387.2
TEAM-03,2026-02-02,6,45.0,12,4.06,18,103.2
TEAM-04,2026-02-02,5,37.5,14,6.52,45,333.1
TEAM-05,2026-02-02,8,60.0,23,5.36,39,236.3
TEAM-01,2026-02-03,9,67.5,27,6.79,69,594.3
TEAM-02,2026-02-03,7,52.5,17,7.25,36,328.1
TEAM-03,2026-02-03,6,45.0,12,3.99,16,95.2
TEAM-04,2026-02-03,5,37.5,8,6.86,41,326.4
TEAM-05,2026-02-03,8,60.0,9,6.1,28,174.0
TEAM-01,2026-02-04,9,67.5,22,6.04,56,469.3
TEAM-02,2026-02-04,7,52.5,24,7.88,44,377.6
TEAM-03,2026-02-04,6,45.0,17,3.99,24,109.6
TEAM-04,2026-02-04,5,37.5,12,7.49,38,310.2
TEAM-05,2026-02-04,8,60.0,22,6.18,37,246.8
TEAM-01,2026-02-05,9,67.5,25,5.83,49,379.7
TEAM-02,2026-02-05,7,52.5,15,8.29,43,397.2
TEAM-03,2026-02-05,6,45.0,16,4.26,21,100.5
TEAM-04,2026-02-05,5,37.5,16,6.84,44,339.3
TEAM-05,2026-02-05,8,60.0,13,5.42,25,168.4
TEAM-01,2026-02-06,9,67.5,26,5.44,49,362.8
TEAM-02,2026-02-06,7,52.5,11,9.46,34,333.0
TEAM-03,2026-02-06,6,45.0,18,5.31,23,126.7
TEAM-04,2026-02-06,5,37.5,9,6.82,40,323.3
TEAM-05,2026-02-06,8,60.0,11,6.46,24,169.0
TEAM-01,2026-02-07,9,0.0,29,5.47,49,340.3
TEAM-02,2026-02-07,7,0.0,19,8.13,39,373.4
TEAM-03,2026-02-07,6,0.0,17,3.85,25,130.2
TEAM-04,2026-02-07,5,0.0,9,6.74,43,339.8
TEAM-05,2026-02-07,8,0.0,23,4.83,30,177.0
TEAM-01,2026-02-08,9,0.0,34,5.53,58,383.5
TEAM-02,2026-02-08,7,0.0,22,9.06,49,462.5
TEAM-03,2026-02-08,6,0.0,16,4.57,24,125.7
TEAM-04,2026-02-08,5,0.0,9,6.4,40,313.4
TEAM-05,2026-02-08,8,0.0,10,5.65,25,151.6
TEAM-01,2026-02-09,9,67.5,22,6.57,48,358.5
TEAM-02,2026-02-09,7,52.5,10,9.44,41,419.3
TEAM-03,2026-02-09,6,45.0,27,4.44,31,168.7
TEAM-04,2026-02-09,5,37.5,12,5.17,33,244.3
TEAM-05,2026-02-09,8,60.0,14,5.67,29,180.3
TEAM-01,2026-02-10,9,67.5,33,6.22,51,386.7
TEAM-02,2026-02-10,7,52.5,15,9.02,35,370.8
TEAM-03,2026-02-10,6,45.0,12,4.48,24,152.1
TEAM-04,2026-02-10,5,37.5,11,6.76,37,284.1
TEAM-05,2026-02-10,8,60.0,14,5.46,26,174.9
TEAM-01,2026-02-11,9,67.5,28,6.56,53,405.0
TEAM-02,2026-02-11,7,52.5,21,9.45,48,508.0
TEAM-03,2026-02-11,6,45.0,18,3.92,25,151.4
TEAM-04,2026-02-11,5,37.5,14,6.94,42,329.7
TEAM-05,2026-02-11,8,60.0,11,6.64,24,170.0
TEAM-01,2026-02-12,9,67.5,33,7.08,57,480.9
TEAM-02,2026-02-12,7,52.5,15,8.65,54,542.5
TEAM-03,2026-02-12,6,45.0,13,3.53,26,146.0
TEAM-04,2026-02-12,5,37.5,16,6.43,42,317.7
TEAM-05,2026-02-12,8,60.0,16,6.96,26,196.0
TEAM-01,2026-02-13,9,67.5,29,5.97,59,491.1
TEAM-02,2026-02-13,7,52.5,17,9.09,50,503.4
TEAM-03,2026-02-13,6,45.0,17,4.26,22,102.8
TEAM-04,2026-02-13,5,37.5,9,7.25,39,300.7
TEAM-05,2026-02-13,8,60.0,14,6.39,33,237.0
TEAM-01,2026-02-14,9,0.0,22,7.97,58,543.6
TEAM-02,2026-02-14,7,0.0,14,9.55,50,496.5
TEAM-03,2026-02-14,6,0.0,14,4.12,21,105.1
TEAM-04,2026-02-14,5,0.0,14,6.18,42,312.2
TEAM-05,2026-02-14,8,0.0,22,6.57,38,273.2
TEAM-01,2026-02-15,9,0.0,27,6.66,61,566.7
TEAM-02,2026-02-15,7,0.0,22,8.65,56,532.8
TEAM-03,2026-02-15,6,0.0,13,4.34,17,81.5
TEAM-04,2026-02-15,5,0.0,13,6.5,44,337.1
TEAM-05,2026-02-15,8,0.0,16,4.94,35,229.9
TEAM-01,2026-02-16,9,67.5,30,5.7,63,542.1
TEAM-02,2026-02-16,7,52.5,17,9.01,52,517.3
TEAM-03,2026-02-16,6,45.0,12,4.08,14,66.2
TEAM-04,2026-02-16,5,37.5,8,6.29,34,266.5
TEAM-05,2026-02-16,8,60.0,20,5.5,32,215.0
TEAM-01,2026-02-17,9,67.5,36,5.56,66,493.3
TEAM-02,2026-02-17,7,52.5,16,7.28,50,465.6
TEAM-03,2026-02-17,6,45.0,15,4.51,18,82.0
TEAM-04,2026-02-17,5,37.5,10,5.93,34,254.8
TEAM-05,2026-02-17,8,60.0,6,6.48,24,184.1
TEAM-01,2026-02-18,9,67.5,25,5.74,51,384.2
TEAM-02,2026-02-18,7,52.5,13,8.42,46,425.4
TEAM-03,2026-02-18,6,45.0,18,3.99,24,107.4
TEAM-04,2026-02-18,5,37.5,12,7.42,35,261.8
TEAM-05,2026-02-18,8,60.0,10,6.05,22,172.2
TEAM-01,2026-02-19,9,67.5,27,5.68,51,390.3
TEAM-02,2026-02-19,7,52.5,17,9.56,41,411.7
TEAM-03,2026-02-19,6,45.0,10,4.19,16,85.3
TEAM-04,2026-02-19,5,37.5,11,7.28,36,275.5
TEAM-05,2026-02-19,8,60.0,18,5.5,31,215.9
TEAM-01,2026-02-20,9,67.5,34,7.72,57,444.6
TEAM-02,2026-02-20,7,52.5,15,8.6,41,412.9
TEAM-03,2026-02-20,6,45.0,16,4.12,21,100.6
TEAM-04,2026-02-20,5,37.5,11,7.14,35,275.1
TEAM-05,2026-02-20,8,60.0,15,6.3,28,200.1
TEAM-01,2026-02-21,9,0.0,25,5.32,60,453.0
TEAM-02,2026-02-21,7,0.0,23,7.39,47,421.1
TEAM-03,2026-02-21,6,0.0,19,4.72,22,114.6
TEAM-04,2026-02-21,5,0.0,13,4.8,39,279.3
TEAM-05,2026-02-21,8,0.0,13,5.87,26,188.4
TEAM-01,2026-02-22,9,0.0,31,5.96,55,433.8
TEAM-02,2026-02-22,7,0.0,22,7.61,55,461.6
TEAM-03,2026-02-22,6,0.0,16,4.25,23,113.8
TEAM-04,2026-02-22,5,0.0,15,6.05,45,314.3
TEAM-05,2026-02-22,8,0.0,14,6.19,22,148.9
TEAM-01,2026-02-23,9,67.5,22,7.54,48,416.1
TEAM-02,2026-02-23,7,52.5,27,8.72,59,530.9
TEAM-03,2026-02-23,6,45.0,20,4.44,27,147.2
TEAM-04,2026-02-23,5,37.5,8,7.4,40,294.7
TEAM-05,2026-02-23,8,60.0,14,7.29,22,161.1
TEAM-01,2026-02-24,9,67.5,26,5.21,53,419.3
TEAM-02,2026-02-24,7,52.5,19,9.1,58,544.6
TEAM-03,2026-02-24,6,45.0,9,3.64,16,86.2
TEAM-04,2026-02-24,5,37.5,9,6.16,34,258.4
TEAM-05,2026-02-24,8,60.0,14,6.66,25,194.2
TEAM-01,2026-02-25,9,67.5,20,6.47,46,353.3
TEAM-02,2026-02-25,7,52.5,24,8.34,63,575.7
TEAM-03,2026-02-25,6,45.0,24,4.52,26,134.9
TEAM-04,2026-02-25,5,37.5,12,7.67,35,278.4
TEAM-05,2026-02-25,8,60.0,15,5.62,30,218.6
TEAM-01,2026-02-26,9,67.5,34,7.13,56,422.9
TEAM-02,2026-02-26,7,52.5,14,7.85,54,495.2
TEAM-03,2026-02-26,6,45.0,22,4.42,33,164.7
TEAM-04,2026-02-26,5,37.5,10,5.76,36,277.8
TEAM-05,2026-02-26,8,60.0,11,5.75,24,194.5
TEAM-01,2026-02-27,9,67.5,36,5.29,67,484.3
TEAM-02,2026-02-27,7,52.5,10,7.83,43,401.6
TEAM-03,2026-02-27,6,45.0,16,4.77,28,148.8
TEAM-04,2026-02-27,5,37.5,10,5.23,34,250.5
TEAM-05,2026-02-27,8,60.0,12,5.88,26,187.4
TEAM-01,2026-02-28,9,0.0,31,5.49,68,471.0
TEAM-02,2026-02-28,7,0.0,20,7.89,42,396.6
TEAM-03,2026-02-28,6,0.0,32,4.28,37,192.4
TEAM-04,2026-02-28,5,0.0,17,5.97,42,294.3
TEAM-05,2026-02-28,8,0.0,13,4.85,28,178.8
TEAM-01,2026-03-01,9,0.0,25,6.48,66,493.1
TEAM-02,2026-03-01,7,0.0,15,8.85,38,372.8
TEAM-03,2026-03-01,6,0.0,24,4.67,38,195.1
TEAM-04,2026-03-01,5,0.0,9,7.26,37,280.4
TEAM-05,2026-03-01,8,0.0,15,4.99,24,160.1
TEAM-01,2026-03-02,9,67.5,21,6.52,52,426.1
TEAM-02,2026-03-02,7,52.5,15,8.61,41,393.6
TEAM-03,2026-03-02,6,45.0,22,4.59,33,181.6
TEAM-04,2026-03-02,5,37.5,10,6.22,32,235.6
TEAM-05,2026-03-02,8,60.0,14,7.17,24,180.3
TEAM-01,2026-03-03,9,67.5,21,5.9,47,371.0
TEAM-02,2026-03-03,7,52.5,19,7.78,42,390.3
TEAM-03,2026-03-03,6,45.0,22,4.41,35,173.8
TEAM-04,2026-03-03,5,37.5,9,6.51,30,226.6
TEAM-05,2026-03-03,8,60.0,11,5.89,24,169.1
TEAM-01,2026-03-04,9,67.5,38,7.06,64,515.8
TEAM-02,2026-03-04,7,52.5,19,8.63,47,430.8
TEAM-03,2026-03-04,6,45.0,16,4.97,24,138.3
TEAM-04,2026-03-04,5,37.5,21,6.46,43,308.9
TEAM-05,2026-03-04,8,60.0,8,5.9,20,134.8
TEAM-01,2026-03-05,9,67.5,18,8.42,60,504.0
TEAM-02,2026-03-05,7,52.5,10,8.71,32,294.5
TEAM-03,2026-03-05,6,45.0,10,3.94,19,112.9
TEAM-04,2026-03-05,5,37.5,23,6.43,56,394.1
TEAM-05,2026-03-05,8,60.0,14,8.28,22,175.6
TEAM-01,2026-03-06,9,67.5,27,5.65,59,472.6
TEAM-02,2026-03-06,7,52.5,21,8.96,41,375.9
TEAM-03,2026-03-06,6,45.0,29,4.29,31,138.0
TEAM-04,2026-03-06,5,37.5,10,5.55,44,315.6
TEAM-05,2026-03-06,8,60.0,14,7.01,27,211.8
TEAM-01,2026-03-07,9,0.0,23,6.9,61,512.3
TEAM-02,2026-03-07,7,0.0,14,10.6,40,406.4
TEAM-03,2026-03-07,6,0.0,19,3.78,25,113.5
TEAM-04,2026-03-07,5,0.0,14,7.05,43,334.7
TEAM-05,2026-03-07,8,0.0,9,4.83,24,182.8
TEAM-01,2026-03-08,9,0.0,28,6.34,57,479.0
TEAM-02,2026-03-08,7,0.0,16,8.35,40,412.1
TEAM-03,2026-03-08,6,0.0,19,3.72,20,80.6
TEAM-04,2026-03-08,5,0.0,9,6.72,37,276.2
TEAM-05,2026-03-08,8,0.0,13,5.37,23,162.1
TEAM-01,2026-03-09,9,67.5,18,7.22,44,401.6
TEAM-02,2026-03-09,7,52.5,19,8.1,44,431.4
TEAM-03,2026-03-09,6,45.0,17,4.67,17,91.5
TEAM-04,2026-03-09,5,37.5,14,5.57,39,282.4
TEAM-05,2026-03-09,8,60.0,20,5.1,30,192.3
TEAM-01,2026-03-10,9,67.5,30,7.04,55,481.7
TEAM-02,2026-03-10,7,52.5,17,8.51,50,495.1
TEAM-03,2026-03-10,6,45.0,14,4.58,19,102.2
TEAM-04,2026-03-10,5,37.5,17,5.87,47,317.2
TEAM-05,2026-03-10,8,60.0,17,5.73,26,170.3
TEAM-01,2026-03-11,9,67.5,21,5.93,48,417.9
TEAM-02,2026-03-11,7,52.5,14,9.32,46,472.5
TEAM-03,2026-03-11,6,45.0,16,4.14,25,131.1
TEAM-04,2026-03-11,5,37.5,12,5.58,43,299.8
TEAM-05,2026-03-11,8,60.0,10,7.87,26,202.7
TEAM-01,2026-03-12,9,67.5,31,8.01,59,539.1
TEAM-02,2026-03-12,7,52.5,19,9.96,47,489.9
TEAM-03,2026-03-12,6,45.0,16,4.5,22,123.5
TEAM-04,2026-03-12,5,37.5,12,7.72,40,291.2
TEAM-05,2026-03-12,8,60.0,16,5.68,27,202.7
TEAM-01,2026-03-13,9,67.5,27,6.83,67,598.6
TEAM-02,2026-03-13,7,52.5,17,8.78,53,535.8
TEAM-03,2026-03-13,6,45.0,17,5.46,24,136.8
TEAM-04,2026-03-13,5,37.5,14,7.1,42,316.3
TEAM-05,2026-03-13,8,60.0,14,5.48,28,185.3
TEAM-01,2026-03-14,9,0.0,27,6.07,64,540.0
TEAM-02,2026-03-14,7,0.0,23,7.7,58,564.9
TEAM-03,2026-03-14,6,0.0,18,4.68,23,143.7
TEAM-04,2026-03-14,5,0.0,17,6.82,46,346.1
TEAM-05,2026-03-14,8,0.0,16,5.08,27,150.2
TEAM-01,2026-03-15,9,0.0,24,5.69,56,481.6
TEAM-02,2026-03-15,7,0.0,22,8.33,58,545.4
TEAM-03,2026-03-15,6,0.0,16,3.99,28,154.0
TEAM-04,2026-03-15,5,0.0,10,5.14,48,346.0
TEAM-05,2026-03-15,8,0.0,15,4.94,29,158.8
TEAM-01,2026-03-16,9,67.5,31,6.76,64,541.1
TEAM-02,2026-03-16,7,52.5,16,9.09,48,458.9
TEAM-03,2026-03-16,6,45.0,17,4.46,23,127.8
TEAM-04,2026-03-16,5,37.5,12,7.08,45,345.5
TEAM-05,2026-03-16,8,60.0,15,7.92,29,208.8
TEAM-01,2026-03-17,9,67.5,26,6.07,59,521.8
TEAM-02,2026-03-17,7,52.5,12,7.55,41,392.8
TEAM-03,2026-03-17,6,45.0,21,4.38,27,146.5
TEAM-04,2026-03-17,5,37.5,11,5.48,44,328.9
TEAM-05,2026-03-17,8,60.0,9,5.52,28,199.7
TEAM-01,2026-03-18,9,67.5,28,6.55,54,442.3
TEAM-02,2026-03-18,7,52.5,19,8.69,41,384.7
TEAM-03,2026-03-18,6,45.0,17,4.59,28,152.6
TEAM-04,2026-03-18,5,37.5,12,6.83,40,304.0
TEAM-05,2026-03-18,8,60.0,14,5.31,23,146.6
TEAM-01,2026-03-19,9,67.5,29,6.17,60,481.0
TEAM-02,2026-03-19,7,52.5,15,8.61,43,405.0
TEAM-03,2026-03-19,6,45.0,17,4.04,26,145.6
TEAM-04,2026-03-19,5,37.5,10,6.54,40,292.6
TEAM-05,2026-03-19,8,60.0,16,5.53,24,146.9
TEAM-01,2026-03-20,9,67.5,32,6.41,67,538.4
TEAM-02,2026-03-20,7,52.5,23,8.91,47,438.4
TEAM-03,2026-03-20,6,45.0,11,4.03,16,89.5
TEAM-04,2026-03-20,5,37.5,14,6.68,39,277.6
TEAM-05,2026-03-20,8,60.0,15,5.75,25,159.5
TEAM-01,2026-03-21,9,0.0,25,5.95,59,473.6
TEAM-02,2026-03-21,7,0.0,15,10.0,44,426.5
TEAM-03,2026-03-21,6,0.0,19,5.43,29,169.4
TEAM-04,2026-03-21,5,0.0,10,7.69,39,290.2
TEAM-05,2026-03-21,8,0.0,17,6.58,29,192.0
TEAM-01,2026-03-22,9,0.0,20,7.21,46,408.2
TEAM-02,2026-03-22,7,0.0,24,8.63,53,512.0
TEAM-03,2026-03-22,6,0.0,12,4.07,21,123.4
TEAM-04,2026-03-22,5,0.0,20,6.5,49,354.5
TEAM-05,2026-03-22,8,0.0,19,6.44,34,234.6
TEAM-01,2026-03-23,9,67.5,34,6.98,54,466.3
TEAM-02,2026-03-23,7,52.5,19,10.28,51,552.9
TEAM-03,2026-03-23,6,45.0,16,3.78,23,115.2
TEAM-04,2026-03-23,5,37.5,11,6.33,46,350.4
TEAM-05,2026-03-23,8,60.0,10,6.66,28,209.5
TEAM-01,2026-03-24,9,67.5,25,6.44,58,469.1
TEAM-02,2026-03-24,7,52.5,16,7.82,48,500.0
TEAM-03,2026-03-24,6,45.0,14,3.43,19,93.3
TEAM-04,2026-03-24,5,37.5,11,7.12,49,364.7
TEAM-05,2026-03-24,8,60.0,11,5.37,20,153.8
TEAM-01,2026-03-25,9,67.5,34,7.52,65,542.0
TEAM-02,2026-03-25,7,52.5,16,7.54,45,448.4
TEAM-03,2026-03-25,6,45.0,18,3.69,23,98.8
TEAM-04,2026-03-25,5,37.5,9,5.76,40,301.0
TEAM-05,2026-03-25,8,60.0,11,5.96,20,138.4
TEAM-01,2026-03-26,9,67.5,29,7.15,64,558.9
TEAM-02,2026-03-26,7,52.5,19,8.3,44,443.5
TEAM-03,2026-03-26,6,45.0,17,4.97,24,122.1
TEAM-04,2026-03-26,5,37.5,12,7.08,40,304.7
TEAM-05,2026-03-26,8,60.0,19,5.0,31,192.9
TEAM-01,2026-03-27,9,67.5,21,6.94,66,572.1
TEAM-02,2026-03-27,7,52.5,23,8.44,53,523.9
TEAM-03,2026-03-27,6,45.0,13,4.28,23,121.1
TEAM-04,2026-03-27,5,37.5,16,7.17,46,351.4
TEAM-05,2026-03-27,8,60.0,15,6.51,29,197.0
TEAM-01,2026-03-28,9,0.0,22,6.09,55,475.8
TEAM-02,2026-03-28,7,0.0,16,9.47,43,429.7
TEAM-03,2026-03-28,6,0.0,12,5.75,18,107.8
TEAM-04,2026-03-28,5,0.0,11,7.48,45,365.5
TEAM-05,2026-03-28,8,0.0,16,5.99,27,186.6
TEAM-01,2026-03-29,9,0.0,16,6.72,43,394.8
TEAM-02,2026-03-29,7,0.0,19,8.3,43,410.7
TEAM-03,2026-03-29,6,0.0,21,4.12,31,166.6
TEAM-04,2026-03-29,5,0.0,11,6.4,42,343.6
TEAM-05,2026-03-29,8,0.0,7,4.61,23,164.1
TEAM-01,2026-03-30,9,67.5,30,6.92,60,500.1
TEAM-02,2026-03-30,7,52.5,13,8.16,39,347.3
TEAM-03,2026-03-30,6,45.0,17,4.1,26,132.2
TEAM-04,2026-03-30,5,37.5,10,7.1,42,343.1
TEAM-05,2026-03-30,8,60.0,12,5.19,23,158.3
TEAM-01,2026-03-31,9,67.5,28,6.61,63,517.2
TEAM-02,2026-03-31,7,52.5,16,7.45,40,350.0
TEAM-03,2026-03-31,6,45.0,17,4.08,27,128.0
TEAM-04,2026-03-31,5,37.5,14,6.06,46,376.2
TEAM-05,2026-03-31,8,60.0,14,5.87,24,161.4
TEAM-01,2026-04-01,9,67.5,30,6.97,56,474.3
TEAM-02,2026-04-01,7,52.5,18,8.15,42,377.5
TEAM-03,2026-04-01,6,45.0,12,3.65,20,91.9
TEAM-04,2026-04-01,5,37.5,9,7.42,46,385.7
TEAM-05,2026-04-01,8,60.0,14,6.44,26,200.2
TEAM-01,2026-04-02,9,67.5,21,6.96,50,449.5
TEAM-02,2026-04-02,7,52.5,12,7.79,40,360.3
TEAM-03,2026-04-02,6,45.0,12,3.87,15,71.2
TEAM-04,2026-04-02,5,37.5,16,4.89,51,384.3
TEAM-05,2026-04-02,8,60.0,16,6.39,29,212.1
TEAM-01,2026-04-03,9,67.5,30,6.31,58,491.7
TEAM-02,2026-04-03,7,52.5,13,8.9,35,316.7
TEAM-03,2026-04-03,6,45.0,12,5.2,16,86.3
TEAM-04,2026-04-03,5,37.5,14,5.91,50,374.4
TEAM-05,2026-04-03,8,60.0,16,5.43,31,209.6
TEAM-01,2026-04-04,9,0.0,24,5.66,56,465.7
TEAM-02,2026-04-04,7,0.0,16,9.27,33,311.7
TEAM-03,2026-04-04,6,0.0,24,3.81,31,141.4
TEAM-04,2026-04-04,5,0.0,14,5.7,45,321.3
TEAM-05,2026-04-04,8,0.0,16,5.97,32,223.5
TEAM-01,2026-04-05,9,0.0,28,6.68,60,515.4
TEAM-02,2026-04-05,7,0.0,20,9.67,41,416.1
TEAM-03,2026-04-05,6,0.0,13,3.93,22,108.9
TEAM-04,2026-04-05,5,0.0,13,5.59,46,338.2
TEAM-05,2026-04-05,8,0.0,9,6.29,23,170.2
TEAM-01,2026-04-06,9,67.5,29,5.76,56,428.0
TEAM-02,2026-04-06,7,52.5,14,9.98,43,453.5
TEAM-03,2026-04-06,6,45.0,14,3.56,13,52.4
TEAM-04,2026-04-06,5,37.5,12,7.4,44,326.0
TEAM-05,2026-04-06,8,60.0,19,6.1,30,200.9
TEAM-01,2026-04-07,9,67.5,31,7.26,60,484.6
TEAM-02,2026-04-07,7,52.5,15,8.43,41,433.3
TEAM-03,2026-04-07,6,45.0,13,3.63,15,64.8
TEAM-04,2026-04-07,5,37.5,11,5.85,38,275.2
TEAM-05,2026-04-07,8,60.0,12,6.19,26,183.7
TEAM-01,2026-04-08,9,67.5,18,5.49,52,417.7
TEAM-02,2026-04-08,7,52.5,17,10.04,46,500.3
TEAM-03,2026-04-08,6,45.0,19,4.59,21,110.8
TEAM-04,2026-04-08,5,37.5,13,6.79,40,297.2
TEAM-05,2026-04-08,8,60.0,21,6.83,30,235.9
TEAM-01,2026-04-09,9,67.5,30,7.25,55,447.0
TEAM-02,2026-04-09,7,52.5,17,8.53,48,516.6
TEAM-03,2026-04-09,6,45.0,16,4.64,28,155.3
TEAM-04,2026-04-09,5,37.5,18,6.49,51,373.6
TEAM-05,2026-04-09,8,60.0,5,3.99,23,173.3
TEAM-01,2026-04-10,9,67.5,25,5.72,51,421.7
TEAM-02,2026-04-10,7,52.5,17,9.17,52,556.2
TEAM-03,2026-04-10,6,45.0,20,5.54,30,178.5
TEAM-04,2026-04-10,5,37.5,16,6.06,54,394.3
TEAM-05,2026-04-10,8,60.0,20,6.87,27,189.4
TEAM-01,2026-04-11,9,0.0,34,5.85,64,489.5
TEAM-02,2026-04-11,7,0.0,11,7.35,40,385.1
TEAM-03,2026-04-11,6,0.0,19,4.97,30,194.8
TEAM-04,2026-04-11,5,0.0,17,6.62,53,385.7
TEAM-05,2026-04-11,8,0.0,14,6.0,30,217.0
TEAM-01,2026-04-12,9,0.0,33,6.39,61,464.8
TEAM-02,2026-04-12,7,0.0,15,9.31,36,362.6
TEAM-03,2026-04-12,6,0.0,16,3.74,33,179.7
TEAM-04,2026-04-12,5,0.0,7,8.21,46,356.3
TEAM-05,2026-04-12,8,0.0,19,6.52,33,245.7
TEAM-01,2026-04-13,9,67.5,21,6.8,51,423.8
TEAM-02,2026-04-13,7,52.5,23,9.73,49,510.6
TEAM-03,2026-04-13,6,45.0,12,4.03,27,159.9
TEAM-04,2026-04-13,5,37.5,10,6.3,39,307.5
TEAM-05,2026-04-13,8,60.0,11,7.13,30,235.7
TEAM-01,2026-04-14,9,67.5,33,6.24,59,462.5
TEAM-02,2026-04-14,7,52.5,22,8.01,52,510.1
TEAM-03,2026-04-14,6,45.0,14,4.14,23,124.6
TEAM-04,2026-04-14,5,37.5,15,6.07,40,298.2
TEAM-05,2026-04-14,8,60.0,16,6.7,32,242.0
TEAM-01,2026-04-15,9,67.5,36,6.08,66,499.0
TEAM-02,2026-04-15,7,52.5,17,8.54,57,559.4
TEAM-03,2026-04-15,6,45.0,9,4.63,19,104.3
TEAM-04,2026-04-15,5,37.5,10,6.48,41,298.1
TEAM-05,2026-04-15,8,60.0,17,6.91,34,259.5
TEAM-01,2026-04-16,9,67.5,43,6.83,82,654.0
TEAM-02,2026-04-16,7,52.5,19,9.84,49,510.9
TEAM-03,2026-04-16,6,45.0,18,3.63,22,105.1
TEAM-04,2026-04-16,5,37.5,10,5.55,42,298.2
TEAM-05,2026-04-16,8,60.0,10,7.26,29,234.6
TEAM-01,2026-04-17,9,67.5,31,5.62,79,610.9
TEAM-02,2026-04-17,7,52.5,21,9.01,53,547.7
TEAM-03,2026-04-17,6,45.0,20,3.74,21,88.0
TEAM-04,2026-04-17,5,37.5,14,6.31,39,281.2
TEAM-05,2026-04-17,8,60.0,18,5.88,34,241.5
TEAM-01,2026-04-18,9,0.0,31,6.25,69,532.9
TEAM-02,2026-04-18,7,0.0,12,10.42,48,521.6
TEAM-03,2026-04-18,6,0.0,12,4.43,18,83.0
TEAM-04,2026-04-18,5,0.0,12,6.77,34,247.3
TEAM-05,2026-04-18,8,0.0,16,7.14,32,249.4
TEAM-01,2026-04-19,9,0.0,20,7.37,53,475.7
TEAM-02,2026-04-19,7,0.0,20,7.84,51,511.6
TEAM-03,2026-04-19,6,0.0,21,4.81,21,117.9
TEAM-04,2026-04-19,5,0.0,11,8.6,37,288.8
TEAM-05,2026-04-19,8,0.0,15,5.08,27,180.6
TEAM-01,2026-04-20,9,67.5,40,6.43,63,518.8
TEAM-02,2026-04-20,7,52.5,28,8.23,61,588.7
TEAM-03,2026-04-20,6,45.0,16,3.95,24,131.3
TEAM-04,2026-04-20,5,37.5,19,7.6,46,366.3
TEAM-05,2026-04-20,8,60.0,11,5.59,22,150.4
TEAM-01,2026-04-21,9,67.5,32,5.87,70,534.8
TEAM-02,2026-04-21,7,52.5,13,9.16,53,521.4
TEAM-03,2026-04-21,6,45.0,11,4.88,16,96.0
TEAM-04,2026-04-21,5,37.5,10,6.43,45,356.7
TEAM-05,2026-04-21,8,60.0,14,4.96,26,155.5
TEAM-01,2026-04-22,9,67.5,21,8.29,54,466.6
TEAM-02,2026-04-22,7,52.5,9,7.23,43,428.8
TEAM-03,2026-04-22,6,45.0,13,3.88,17,95.4
TEAM-04,2026-04-22,5,37.5,17,6.85,48,376.1
TEAM-05,2026-04-22,8,60.0,10,5.93,21,134.2
TEAM-01,2026-04-23,9,67.5,23,6.94,55,498.6
TEAM-02,2026-04-23,7,52.5,13,7.67,32,305.8
TEAM-03,2026-04-23,6,45.0,18,4.31,27,139.0
TEAM-04,2026-04-23,5,37.5,14,5.86,52,392.0
TEAM-05,2026-04-23,8,60.0,12,5.2,21,120.5
TEAM-01,2026-04-24,9,67.5,25,6.25,55,480.2
TEAM-02,2026-04-24,7,52.5,18,8.11,37,349.2
TEAM-03,2026-04-24,6,45.0,16,4.1,22,120.6
TEAM-04,2026-04-24,5,37.5,20,6.17,55,402.7
TEAM-05,2026-04-24,8,60.0,19,7.32,27,189.5
TEAM-01,2026-04-25,9,0.0,26,6.31,58,488.7
TEAM-02,2026-04-25,7,0.0,18,8.72,43,396.0
TEAM-03,2026-04-25,6,0.0,16,3.87,21,114.6
TEAM-04,2026-04-25,5,0.0,15,6.65,59,436.9
TEAM-05,2026-04-25,8,0.0,20,5.52,36,230.3
TEAM-01,2026-04-26,9,0.0,22,7.36,55,490.4
TEAM-02,2026-04-26,7,0.0,18,7.99,46,414.9
TEAM-03,2026-04-26,6,0.0,15,4.01,23,133.2
TEAM-04,2026-04-26,5,0.0,15,6.32,58,432.2
TEAM-05,2026-04-26,8,0.0,11,5.62,33,213.6
TEAM-01,2026-04-27,9,67.5,28,5.93,51,436.5
TEAM-02,2026-04-27,7,52.5,15,9.45,48,445.1
TEAM-03,2026-04-27,6,45.0,13,5.2,21,119.3
TEAM-04,2026-04-27,5,37.5,15,6.42,61,457.3
TEAM-05,2026-04-27,8,60.0,12,5.98,23,155.3
TEAM-01,2026-04-28,9,67.5,28,7.68,50,432.6
TEAM-02,2026-04-28,7,52.5,21,7.98,45,400.2
TEAM-03,2026-04-28,6,45.0,14,3.49,23,113.8
TEAM-04,2026-04-28,5,37.5,11,6.66,53,417.4
TEAM-05,2026-04-28,8,60.0,12,5.74,24,161.2
TEAM-01,2026-04-29,9,67.5,25,7.2,52,460.9
TEAM-02,2026-04-29,7,52.5,18,8.22,48,423.0
TEAM-03,2026-04-29,6,45.0,23,4.32,28,130.5
TEAM-04,2026-04-29,5,37.5,10,6.95,48,390.9
TEAM-05,2026-04-29,8,60.0,17,5.52,30,180.5
TEAM-01,2026-04-30,9,67.5,25,5.4,58,475.3
TEAM-02,2026-04-30,7,52.5,21,8.86,52,485.9
TEAM-03,2026-04-30,6,45.0,16,4.44,25,132.3
TEAM-04,2026-04-30,5,37.5,15,6.81,50,404.3
TEAM-05,2026-04-30,8,60.0,19,5.18,32,186.9
TEAM-01,2026-05-01,9,67.5,21,6.26,47,400.4
TEAM-02,2026-05-01,7,52.5,16,7.8,47,452.8
TEAM-03,2026-05-01,6,45.0,17,5.92,24,157.8
TEAM-04,2026-05-01,5,37.5,14,7.56,49,392.4
TEAM-05,2026-05-01,8,60.0,11,5.28,25,141.4
TEAM-01,2026-05-02,9,0.0,31,6.52,58,432.6
TEAM-02,2026-05-02,7,0.0,17,8.68,49,459.6
TEAM-03,2026-05-02,6,0.0,16,4.42,27,160.7
TEAM-04,2026-05-02,5,0.0,10,5.92,44,326.1
TEAM-05,2026-05-02,8,0.0,24,5.78,33,196.9
TEAM-01,2026-05-03,9,0.0,30,6.33,60,442.8
TEAM-02,2026-05-03,7,0.0,9,9.03,37,371.6
TEAM-03,2026-05-03,6,0.0,22,4.6,32,161.9
TEAM-04,2026-05-03,5,0.0,18,7.17,52,387.6
TEAM-05,2026-05-03,8,0.0,13,6.8,29,202.8
TEAM-01,2026-05-04,9,67.5,29,6.27,58,436.8
TEAM-02,2026-05-04,7,52.5,11,9.36,29,298.5
TEAM-03,2026-05-04,6,45.0,15,4.33,24,116.0
TEAM-04,2026-05-04,5,37.5,11,5.18,48,342.1
TEAM-05,2026-05-04,8,60.0,10,7.59,24,190.3
TEAM-01,2026-05-05,9,67.5,32,7.42,60,487.6
TEAM-02,2026-05-05,7,52.5,21,8.61,39,384.4
TEAM-03,2026-05-05,6,45.0,14,4.43,21,100.6
TEAM-04,2026-05-05,5,37.5,13,5.89,45,317.1
TEAM-05,2026-05-05,8,60.0,21,6.51,36,274.5
TEAM-01,2026-05-06,9,67.5,34,5.93,70,520.1
TEAM-02,2026-05-06,7,52.5,18,8.0,45,411.8
TEAM-03,2026-05-06,6,45.0,13,5.4,18,101.7
TEAM-04,2026-05-06,5,37.5,16,7.18,47,348.9
TEAM-05,2026-05-06,8,60.0,20,6.28,37,274.5
TEAM-01,2026-05-07,9,67.5,31,6.31,67,512.0
TEAM-02,2026-05-07,7,52.5,14,7.87,42,386.1
TEAM-03,2026-05-07,6,45.0,17,3.93,19,91.4
TEAM-04,2026-05-07,5,37.5,12,6.04,40,299.9
TEAM-05,2026-05-07,8,60.0,6,6.14,19,146.0
TEAM-01,2026-05-08,9,67.5,24,6.93,56,453.0
TEAM-02,2026-05-08,7,52.5,20,8.34,43,378.1
TEAM-03,2026-05-08,6,45.0,10,4.38,17,89.5
TEAM-04,2026-05-08,5,37.5,9,5.39,35,259.4
TEAM-05,2026-05-08,8,60.0,23,6.37,34,236.7
TEAM-01,2026-05-09,9,0.0,22,5.79,55,425.8
TEAM-02,2026-05-09,7,0.0,13,7.36,39,332.0
TEAM-03,2026-05-09,6,0.0,18,4.96,27,149.3
TEAM-04,2026-05-09,5,0.0,10,5.93,34,241.3
TEAM-05,2026-05-09,8,0.0,16,6.03,33,247.5
TEAM-01,2026-05-10,9,0.0,35,5.46,57,391.5
TEAM-02,2026-05-10,7,0.0,13,8.44,37,337.2
TEAM-03,2026-05-10,6,0.0,12,5.2,21,137.2
TEAM-04,2026-05-10,5,0.0,13,7.06,33,236.5
TEAM-05,2026-05-10,8,0.0,16,6.38,34,257.2
TEAM-01,2026-05-11,9,67.5,17,6.93,47,349.2
TEAM-02,2026-05-11,7,52.5,15,8.1,41,380.6
TEAM-03,2026-05-11,6,45.0,16,5.04,23,150.4
TEAM-04,2026-05-11,5,37.5,15,6.66,41,290.9
TEAM-05,2026-05-11,8,60.0,17,5.76,36,248.9
TEAM-01,2026-05-12,9,67.5,42,7.14,68,516.3
TEAM-02,2026-05-12,7,52.5,18,8.37,46,434.9
TEAM-03,2026-05-12,6,45.0,19,3.66,30,168.5
TEAM-04,2026-05-12,5,37.5,13,5.44,44,300.7
TEAM-05,2026-05-12,8,60.0,17,6.54,39,297.1
TEAM-01,2026-05-13,9,67.5,21,6.19,59,456.6
TEAM-02,2026-05-13,7,52.5,13,7.66,38,364.6
TEAM-03,2026-05-13,6,45.0,19,4.65,30,162.5
TEAM-04,2026-05-13,5,37.5,11,7.13,44,318.1
TEAM-05,2026-05-13,8,60.0,22,5.46,43,296.0
TEAM-01,2026-05-14,9,67.5,29,5.95,58,437.8
TEAM-02,2026-05-14,7,52.5,17,8.69,41,380.4
TEAM-03,2026-05-14,6,45.0,16,3.05,27,114.7
TEAM-04,2026-05-14,5,37.5,11,6.91,39,291.9
TEAM-05,2026-05-14,8,60.0,17,6.06,33,230.4
TEAM-01,2026-05-15,9,67.5,22,5.75,48,373.0
TEAM-02,2026-05-15,7,52.5,17,8.59,41,380.6
TEAM-03,2026-05-15,6,45.0,19,4.27,24,111.7
TEAM-04,2026-05-15,5,37.5,16,6.88,44,337.5
TEAM-05,2026-05-15,8,60.0,12,6.16,33,232.5
TEAM-01,2026-05-16,9,0.0,28,6.93,48,406.8
TEAM-02,2026-05-16,7,0.0,17,8.45,42,396.1
TEAM-03,2026-05-16,6,0.0,21,4.09,23,106.6
TEAM-04,2026-05-16,5,0.0,15,7.08,49,374.0
TEAM-05,2026-05-16,8,0.0,18,5.43,30,195.8
TEAM-01,2026-05-17,9,0.0,27,5.9,53,426.7
TEAM-02,2026-05-17,7,0.0,17,7.57,40,362.6
TEAM-03,2026-05-17,6,0.0,19,4.91,28,146.8
TEAM-04,2026-05-17,5,0.0,11,7.93,46,373.4
TEAM-05,2026-05-17,8,0.0,17,6.56,31,230.0
TEAM-01,2026-05-18,9,67.5,26,6.92,55,454.3
TEAM-02,2026-05-18,7,52.5,14,8.78,30,308.6
TEAM-03,2026-05-18,6,45.0,20,3.71,24,117.6
TEAM-04,2026-05-18,5,37.5,12,6.19,41,334.2
TEAM-05,2026-05-18,8,60.0,15,6.49,31,230.5
TEAM-01,2026-05-19,9,67.5,23,6.88,54,455.7
TEAM-02,2026-05-19,7,52.5,15,9.76,39,400.6
TEAM-03,2026-05-19,6,45.0,15,4.56,21,108.0
TEAM-04,2026-05-19,5,37.5,16,6.9,48,373.9
TEAM-05,2026-05-19,8,60.0,16,5.32,34,241.9
TEAM-01,2026-05-20,9,67.5,19,5.73,44,373.7
TEAM-02,2026-05-20,7,52.5,13,8.39,42,404.0
TEAM-03,2026-05-20,6,45.0,12,4.34,19,90.9
TEAM-04,2026-05-20,5,37.5,10,6.77,45,347.2
TEAM-05,2026-05-20,8,60.0,16,5.7,33,232.7
TEAM-01,2026-05-21,9,67.5,31,5.84,52,403.2
TEAM-02,2026-05-21,7,52.5,15,7.95,39,367.9
TEAM-03,2026-05-21,6,45.0,19,3.72,25,108.4
TEAM-04,2026-05-21,5,37.5,7,7.86,37,289.9
TEAM-05,2026-05-21,8,60.0,16,5.12,33,212.3
TEAM-01,2026-05-22,9,67.5,28,6.02,44,325.5
TEAM-02,2026-05-22,7,52.5,21,8.63,46,433.4
TEAM-03,2026-05-22,6,45.0,15,3.71,15,70.7
TEAM-04,2026-05-22,5,37.5,12,6.39,36,283.6
TEAM-05,2026-05-22,8,60.0,18,5.97,30,193.4
TEAM-01,2026-05-23,9,0.0,28,6.43,52,375.3
TEAM-02,2026-05-23,7,0.0,12,7.69,41,375.1
TEAM-03,2026-05-23,6,0.0,25,4.56,26,131.8
TEAM-04,2026-05-23,5,0.0,14,6.56,38,290.5
TEAM-05,2026-05-23,8,0.0,8,4.5,21,141.7
TEAM-01,2026-05-24,9,0.0,21,7.12,50,375.0
TEAM-02,2026-05-24,7,0.0,23,8.16,48,421.4
TEAM-03,2026-05-24,6,0.0,18,5.47,27,165.7
TEAM-04,2026-05-24,5,0.0,17,7.04,46,348.2
TEAM-05,2026-05-24,8,0.0,11,6.24,19,132.1
TEAM-01,2026-05-25,9,67.5,25,6.93,46,374.6
TEAM-02,2026-05-25,7,52.5,19,8.68,47,411.0
TEAM-03,2026-05-25,6,45.0,20,3.9,28,165.7
TEAM-04,2026-05-25,5,37.5,14,7.76,47,364.4
TEAM-05,2026-05-25,8,60.0,16,5.8,23,142.8
TEAM-01,2026-05-26,9,67.5,33,7.0,60,493.4
TEAM-02,2026-05-26,7,52.5,25,9.12,50,467.3
TEAM-03,2026-05-26,6,45.0,13,3.06,22,104.0
TEAM-04,2026-05-26,5,37.5,9,5.02,43,324.5
TEAM-05,2026-05-26,8,60.0,12,6.61,24,162.9
TEAM-01,2026-05-27,9,67.5,29,7.57,61,542.9
TEAM-02,2026-05-27,7,52.5,13,8.65,40,396.1
TEAM-03,2026-05-27,6,45.0,13,3.84,18,86.9
TEAM-04,2026-05-27,5,37.5,12,7.55,44,355.0
TEAM-05,2026-05-27,8,60.0,28,6.69,39,276.8
TEAM-01,2026-05-28,9,67.5,32,6.6,68,575.7
TEAM-02,2026-05-28,7,52.5,17,8.03,44,429.6
TEAM-03,2026-05-28,6,45.0,13,6.08,16,95.2
TEAM-04,2026-05-28,5,37.5,12,7.66,44,367.3
TEAM-05,2026-05-28,8,60.0,16,4.57,37,249.2
TEAM-01,2026-05-29,9,67.5,25,6.06,62,547.5
TEAM-02,2026-05-29,7,52.5,25,9.37,54,532.0
TEAM-03,2026-05-29,6,45.0,15,4.18,19,107.4
TEAM-04,2026-05-29,5,37.5,19,6.5,50,393.4
TEAM-05,2026-05-29,8,60.0,19,5.24,32,214.4
TEAM-01,2026-05-30,9,0.0,31,5.85,59,486.7
TEAM-02,2026-05-30,7,0.0,16,10.36,47,498.1
TEAM-03,2026-05-30,6,0.0,16,3.15,20,103.6
TEAM-04,2026-05-30,5,0.0,11,6.21,48,373.9
TEAM-05,2026-05-30,8,0.0,21,5.71,33,227.8
TEAM-01,2026-05-31,9,0.0,24,6.67,55,458.9
TEAM-02,2026-05-31,7,0.0,22,9.6,56,602.4
TEAM-03,2026-05-31,6,0.0,20,3.54,25,118.3
TEAM-04,2026-05-31,5,0.0,13,5.82,53,395.9
TEAM-05,2026-05-31,8,0.0,7,5.91,22,167.0
TEAM-01,2026-06-01,9,67.5,34,7.09,54,456.1
TEAM-02,2026-06-01,7,52.5,22,7.81,66,677.4
TEAM-03,2026-06-01,6,45.0,18,4.94,21,120.1
TEAM-04,2026-06-01,5,37.5,14,7.25,50,376.0
TEAM-05,2026-06-01,8,60.0,14,6.87,25,200.2
TEAM-01,2026-06-02,9,67.5,24,6.14,50,420.3
TEAM-02,2026-06-02,7,52.5,12,8.35,53,550.1
TEAM-03,2026-06-02,6,45.0,15,5.07,25,153.2
TEAM-04,2026-06-02,5,37.5,20,6.95,55,424.4
TEAM-05,2026-06-02,8,60.0,20,7.06,31,233.6
TEAM-01,2026-06-03,9,67.5,27,6.5,52,437.5
TEAM-02,2026-06-03,7,52.5,19,8.97,50,513.4
TEAM-03,2026-06-03,6,45.0,22,4.44,33,174.2
TEAM-04,2026-06-03,5,37.5,11,6.36,52,405.7
TEAM-05,2026-06-03,8,60.0,11,5.9,28,210.9
TEAM-01,2026-06-04,9,67.5,29,5.65,55,447.7
TEAM-02,2026-06-04,7,52.5,19,8.74,47,480.2
TEAM-03,2026-06-04,6,45.0,17,4.63,24,133.5
TEAM-04,2026-06-04,5,37.5,10,6.45,44,341.7
TEAM-05,2026-06-04,8,60.0,14,6.55,29,209.4
TEAM-01,2026-06-05,9,67.5,26,6.91,50,433.8
TEAM-02,2026-06-05,7,52.5,26,9.32,58,592.1
TEAM-03,2026-06-05,6,45.0,15,4.16,22,130.8
TEAM-04,2026-06-05,5,37.5,4,6.17,32,248.7
TEAM-05,2026-06-05,8,60.0,14,6.78,29,220.4
TEAM-01,2026-06-06,9,0.0,26,5.46,57,453.4
TEAM-02,2026-06-06,7,0.0,15,8.65,56,571.0
TEAM-03,2026-06-06,6,0.0,16,4.26,22,127.6
TEAM-04,2026-06-06,5,0.0,11,5.79,28,220.9
TEAM-05,2026-06-06,8,0.0,19,6.69,34,251.4
TEAM-01,2026-06-07,9,0.0,30,5.48,62,481.2
TEAM-02,2026-06-07,7,0.0,21,8.63,58,567.4
TEAM-03,2026-06-07,6,0.0,18,4.44,22,125.6
TEAM-04,2026-06-07,5,0.0,12,7.12,33,258.9
TEAM-05,2026-06-07,8,0.0,18,6.1,36,270.2
TEAM-01,2026-06-08,9,67.5,24,5.69,50,387.0
TEAM-02,2026-06-08,7,52.5,21,8.53,52,515.1
TEAM-03,2026-06-08,6,45.0,12,5.14,22,135.2
TEAM-04,2026-06-08,5,37.5,21,7.17,46,351.5
TEAM-05,2026-06-08,8,60.0,19,5.71,33,244.2
TEAM-01,2026-06-09,9,67.5,18,6.51,39,356.8
TEAM-02,2026-06-09,7,52.5,15,7.67,45,439.0
TEAM-03,2026-06-09,6,45.0,15,4.32,28,155.3
TEAM-04,2026-06-09,5,37.5,9,6.51,42,324.2
TEAM-05,2026-06-09,8,60.0,11,4.99,28,205.4
TEAM-01,2026-06-10,9,67.5,40,7.77,62,535.1
TEAM-02,2026-06-10,7,52.5,14,8.65,45,427.3
TEAM-03,2026-06-10,6,45.0,21,5.12,30,175.1
TEAM-04,2026-06-10,5,37.5,15,6.49,52,391.5
TEAM-05,2026-06-10,8,60.0,12,6.57,25,196.8
TEAM-01,2026-06-11,9,67.5,31,6.2,65,541.0
TEAM-02,2026-06-11,7,52.5,17,8.52,46,425.4
TEAM-03,2026-06-11,6,45.0,12,4.17,24,137.0
TEAM-04,2026-06-11,5,37.5,12,6.44,49,372.3
TEAM-05,2026-06-11,8,60.0,16,5.96,31,236.2
TEAM-01,2026-06-12,9,67.5,23,5.66,61,489.9
TEAM-02,2026-06-12,7,52.5,16,11.1,41,414.8
TEAM-03,2026-06-12,6,45.0,20,5.57,26,162.5
TEAM-04,2026-06-12,5,37.5,19,7.09,48,353.7
TEAM-05,2026-06-12,8,60.0,15,6.14,33,250.4
TEAM-01,2026-06-13,9,0.0,28,6.92,57,470.0
TEAM-02,2026-06-13,7,0.0,20,8.59,48,480.0
TEAM-03,2026-06-13,6,0.0,18,3.95,24,126.6
TEAM-04,2026-06-13,5,0.0,13,6.6,50,366.6
TEAM-05,2026-06-13,8,0.0,17,5.36,33,236.8
TEAM-01,2026-06-14,9,0.0,34,6.64,64,490.0
TEAM-02,2026-06-14,7,0.0,16,9.16,47,483.3
TEAM-03,2026-06-14,6,0.0,13,4.41,19,112.0
TEAM-04,2026-06-14,5,0.0,20,6.53,56,404.9
TEAM-05,2026-06-14,8,0.0,18,5.83,31,229.1
TEAM-01,2026-06-15,9,67.5,23,6.55,53,389.3
TEAM-02,2026-06-15,7,52.5,22,8.28,55,539.6
TEAM-03,2026-06-15,6,45.0,16,3.87,24,125.6
TEAM-04,2026-06-15,5,37.5,14,6.78,54,401.9
TEAM-05,2026-06-15,8,60.0,11,5.9,28,191.0
TEAM-01,2026-06-16,9,67.5,36,6.53,61,461.4
TEAM-02,2026-06-16,7,52.5,17,7.89,49,484.2
TEAM-03,2026-06-16,6,45.0,9,4.41,19,111.8
TEAM-04,2026-06-16,5,37.5,14,6.23,51,377.7
TEAM-05,2026-06-16,8,60.0,20,6.32,31,206.5
TEAM-01,2026-06-17,9,67.5,29,6.22,62,473.1
TEAM-02,2026-06-17,7,52.5,17,7.92,49,457.1
TEAM-03,2026-06-17,6,45.0,14,5.09,19,110.5
TEAM-04,2026-06-17,5,37.5,18,5.69,55,388.2
TEAM-05,2026-06-17,8,60.0,10,6.03,26,186.4
TEAM-01,2026-06-18,9,67.5,25,6.07,59,470.5
TEAM-02,2026-06-18,7,52.5,16,8.3,39,354.7
TEAM-03,2026-06-18,6,45.0,13,3.62,19,97.9
TEAM-04,2026-06-18,5,37.5,15,6.99,58,396.9
TEAM-05,2026-06-18,8,60.0,16,6.77,30,213.0
TEAM-01,2026-06-19,9,67.5,32,7.29,57,469.8
TEAM-02,2026-06-19,7,52.5,18,8.58,44,400.2
TEAM-03,2026-06-19,6,45.0,12,3.86,19,101.6
TEAM-04,2026-06-19,5,37.5,7,5.62,40,288.3
TEAM-05,2026-06-19,8,60.0,10,5.46,23,178.3
TEAM-01,2026-06-20,9,0.0,23,7.89,56,478.2
TEAM-02,2026-06-20,7,0.0,23,9.03,48,455.7
TEAM-03,2026-06-20,6,0.0,14,5.67,20,122.1
TEAM-04,2026-06-20,5,0.0,17,5.66,45,302.4
TEAM-05,2026-06-20,8,0.0,10,5.85,21,150.4
TEAM-01,2026-06-21,9,0.0,35,7.7,57,502.2
TEAM-02,2026-06-21,7,0.0,17,7.64,53,492.1
TEAM-03,2026-06-21,6,0.0,14,4.35,19,114.1
TEAM-04,2026-06-21,5,0.0,20,6.31,53,355.8
TEAM-05,2026-06-21,8,0.0,18,5.31,26,163.4
TEAM-01,2026-06-22,9,67.5,30,6.32,62,561.8
TEAM-02,2026-06-22,7,52.5,14,9.68,52,505.6
TEAM-03,2026-06-22,6,45.0,12,3.82,19,115.5
TEAM-04,2026-06-22,5,37.5,16,5.98,54,362.6
TEAM-05,2026-06-22,8,60.0,15,4.73,26,152.0
TEAM-01,2026-06-23,9,67.5,31,6.4,67,571.6
TEAM-02,2026-06-23,7,52.5,21,8.12,52,497.3
TEAM-03,2026-06-23,6,45.0,9,4.47,16,95.9
TEAM-04,2026-06-23,5,37.5,18,7.14,55,381.8
TEAM-05,2026-06-23,8,60.0,10,5.27,22,139.1
TEAM-01,2026-06-24,9,67.5,32,6.99,66,586.9
TEAM-02,2026-06-24,7,52.5,12,9.46,47,470.4
TEAM-03,2026-06-24,6,45.0,14,4.37,16,80.2
TEAM-04,2026-06-24,5,37.5,16,6.63,52,382.6
TEAM-05,2026-06-24,8,60.0,17,5.91,23,143.9
TEAM-01,2026-06-25,9,67.5,37,6.36,73,602.2
TEAM-02,2026-06-25,7,52.5,15,10.26,35,377.0
TEAM-03,2026-06-25,6,45.0,12,4.6,14,72.0
TEAM-04,2026-06-25,5,37.5,17,6.34,55,408.9
TEAM-05,2026-06-25,8,60.0,16,5.54,29,187.8
TEAM-01,2026-06-26,9,67.5,28,7.09,62,520.3
TEAM-02,2026-06-26,7,52.5,22,7.67,46,431.4
TEAM-03,2026-06-26,6,45.0,15,3.79,23,106.4
TEAM-04,2026-06-26,5,37.5,7,7.54,45,345.9
TEAM-05,2026-06-26,8,60.0,16,7.4,30,214.7
TEAM-01,2026-06-27,9,0.0,21,7.47,53,496.4
TEAM-02,2026-06-27,7,0.0,16,9.07,48,454.5
TEAM-03,2026-06-27,6,0.0,12,5.02,17,104.2
TEAM-04,2026-06-27,5,0.0,10,5.24,42,321.7
TEAM-05,2026-06-27,8,0.0,16,7.23,29,230.9
TEAM-01,2026-06-28,9,0.0,29,6.47,58,481.3
TEAM-02,2026-06-28,7,0.0,15,7.77,50,475.5
TEAM-03,2026-06-28,6,0.0,21,3.54,28,132.4
TEAM-04,2026-06-28,5,0.0,13,6.85,44,335.2
TEAM-05,2026-06-28,8,0.0,12,6.24,29,236.6
TEAM-01,2026-06-29,9,67.5,24,7.28,57,500.4
TEAM-02,2026-06-29,7,52.5,20,7.48,44,421.2
TEAM-03,2026-06-29,6,45.0,16,4.39,18,84.0
TEAM-04,2026-06-29,5,37.5,9,7.3,37,295.3
TEAM-05,2026-06-29,8,60.0,11,5.11,22,147.0
TEAM-01,2026-06-30,9,67.5,36,6.84,64,561.5
TEAM-02,2026-06-30,7,52.5,16,9.21,46,436.6
TEAM-03,2026-06-30,6,45.0,14,4.24,17,83.1
TEAM-04,2026-06-30,5,37.5,18,6.26,46,332.6
TEAM-05,2026-06-30,8,60.0,14,6.25,22,152.1
